type,by,post_message,picture,link,link_domain,post_published,post_published_unix,post_published_sql,likes,likes_count_fb,comments_count_fb,comments_all,comments_base,comments_replies,shares,comment_likes,engagement,post_id,post_link
link,post_page_54942390562,Dr. Vincent Bacote_ Associate Professor of Theology and Director of Center for Applied Christian Ethics_ was interviewed this morning on The Harvest Show. He gave great perspective on God’s plan for our work_ on how to seek and find your vocation_ glorifying God in ordinary work_ and on living faithfully in those times when our passions don’t line up with our paying job. Watch the whole show_ or skip ahead to 18:20 to jump right in to the interview.,https://fbexternal-a.akamaihd.net/safe_image.php?d=AQBRUnVQGxN4EQpt&w=130&h=130&url=http%3A%2F%2Fharvest.lesea.com%2Fwp-content%2Fuploads%2Fsites%2F8%2F2015%2F02%2Fpromo.jpg&cfs=1&sx=838&sy=0&sw=187&sh=187,http://harvest.lesea.com/the-harvest-show/watch-a-show/?cyear=2015&cmonth=4&cday=20,harvest.lesea.com,2015-04-20T19:43:48+0000,1429559028,4/20/2015 21:43,6,6,0,0,0,0,0,0,6,54942390562_10152701381575563,https://www.facebook.com/54942390562/posts/10152701381575563
link,post_page_54942390562,Attention high school music students! Join us this summer for Summer Music Camp at Wheaton College from June 21-27_ 2015. Take advantage of this rare chance to study with Wheaton_s renowned music faculty in private lessons_ master class and ensemble experiences. Together we_ll learn about music theory_ music history and how to audition for further music study in college. You_ll stay in Wheaton_s newest dorms and be nurtured in your faith and understanding of what it means to be a Christian musician. Learn more and register today!,https://fbexternal-a.akamaihd.net/safe_image.php?d=AQAMHj7nlEYOax8f&w=130&h=130&url=https%3A%2F%2Fwww.facebook.com%2Fads%2Fimage%2F%3Fd%3DAQKIFs_3PAm3_tqXlLa2XPiEirACCA61sKAVVQqEys6ADymxvwac5mGX_8MfkFBbWNIXhoxTjSIfIC5-qbeTBIScABHAE7cy5UprnoMNFE9hb2Fcf-zC8n5LMJzLSX_xzxEbfTTTX9ctxxJnJDzYL9v3&cfs=1,http://www.wheaton.edu/Academics/Departments/Conservatory/Summer-Music-Camp,wheaton.edu,2015-04-20T14:45:20+0000,1429541120,4/20/2015 16:45,110,110,6,6,6,0,17,3,136,54942390562_10152700898355563,https://www.facebook.com/54942390562/posts/10152700898355563
photo,post_page_54942390562,Is someone you know considering a gap year before college? HoneyRock_s Vanguard program might be just the right fit. Learn more at http://bit.ly/VanguardInfo.,https://fbcdn-sphotos-d-a.akamaihd.net/hphotos-ak-xfp1/v/t1.0-9/q81/s130x130/11000109_10153185631389449_3305972568174386120_n.jpg?oh=68ac4d6422f2b5f2d6222df1b4aacf22&oe=55D440B4&__gda__=1436293959_bc4b85286425475260d9c81b1b58687d,https://www.facebook.com/HoneyRock/photos/a.149683619448.106849.19824964448/10153185631389449/?type=1,facebook.com,2015-04-20T14:19:09+0000,1429539549,4/20/2015 16:19,5,5,0,0,0,0,0,0,5,54942390562_10152700866200563,https://www.facebook.com/54942390562/posts/10152700866200563
photo,post_page_54942390562,April 17 Image of the Week  Wheaton College’s class films is a highly anticipated event each spring semester. Many students work for many months writing_ directing_ acting_ producing and editing in the hopes of taking home the coveted Best Film award.  Peter Desrosier ’16 sent in this photo giving evidence to the popularity of the class films event as students begin to gather in the courtyard of Edman Memorial Chapel. Adams Hall_ Blanchard Hall and Pierce Chapel add a fitting frame to this nice early spring scene.,https://scontent.xx.fbcdn.net/hphotos-xpa1/v/t1.0-9/s130x130/11156327_10152695165390563_4209830249951279507_n.jpg?oh=02368bd153aebf6bf052f51cabbce337&oe=559AE02C,https://www.facebook.com/wheatoncollege.il/photos/a.10152510812215563.1073741840.54942390562/10152695165390563/?type=1,facebook.com,2015-04-17T20:57:47+0000,1429304267,4/17/2015 22:57,104,105,0,0,0,0,1,0,105,54942390562_10152695165875563,https://www.facebook.com/54942390562/posts/10152695165875563
link,post_page_54942390562,Congratulations to alumnus Steve Clum _74_ who was recently inducted into the elite ranks of Illinois Hall of Fame coaches!,https://fbexternal-a.akamaihd.net/safe_image.php?d=AQC3IKkNwlxoZqZ0&w=130&h=130&url=http%3A%2F%2Fwww.wheatonchristian.org%2Fuploads%2FClumCoachAwardBanner.jpg&cfs=1&sx=263&sy=0&sw=270&sh=270,http://www.wheatonchristian.org/clum-hall-of-fame-coach,wheatonchristian.org,2015-04-16T15:52:10+0000,1429199530,4/16/2015 17:52,72,72,2,2,2,0,4,0,78,54942390562_10152692834955563,https://www.facebook.com/54942390562/posts/10152692834955563
photo,post_page_54942390562,Congratulations to the Wheaton College Graduate Psychology department! The Wheaton College Doctoral Program in Clinical Psychology (Psy.D.) had 100% of its students applying for pre-doctoral internship match this year - for the 3rd straight year!,https://scontent.xx.fbcdn.net/hphotos-xat1/v/t1.0-9/s130x130/11109265_1087484141264954_8419381003885331883_n.jpg?oh=cdd3529ce78c7736c7a669341255a869&oe=559B5749,https://www.facebook.com/WheatonCollegeGraduatePsychology/photos/a.539383482741692.143303.280045262008850/1087484141264954/?type=1,facebook.com,2015-04-15T19:00:08+0000,1429124408,4/15/2015 21:00,66,66,1,1,1,0,0,1,68,54942390562_10152691244680563,https://www.facebook.com/54942390562/posts/10152691244680563
link,post_page_54942390562,_The Koinonia cabinet showed me that this community is not about perfection and performance; Koinonia exists for the imperfect and the broken._ -Jennifer Fu _15 talks about the importance of race-specific ministry through the Wheaton College Office of Multicultural Development on our student blog_ #mywheaton.,https://fbexternal-a.akamaihd.net/safe_image.php?d=AQCDVvUTgdM38VP3&w=130&h=130&url=http%3A%2F%2Fwww.wheaton.edu%2FStudent-Life%2FMy-Wheaton%2F2015%2F04%2F%7E%2Fmedia%2FEB8A5BE42A694682B72D655C691C8F11.ashx&cfs=1&sx=77&sy=0&sw=400&sh=400,http://www.wheaton.edu/Student-Life/My-Wheaton/2015/04/My-Koinonia-Family,wheaton.edu,2015-04-15T18:29:09+0000,1429122549,4/15/2015 20:29,28,28,1,0,0,0,1,0,29,54942390562_10152691192560563,https://www.facebook.com/54942390562/posts/10152691192560563
link,post_page_54942390562,_I don_t see healing without community._ Wheaton College Graduate School alumnus Carlos Ruiz M.A. _13 talks about how his experiences as an immigrant from Mexico and master’s degree from Wheaton’s clinical psychology program have prepared him for a life of multicultural ministry in Chicago in #wheatonmag.,https://fbexternal-a.akamaihd.net/safe_image.php?d=AQBo7iiFnl_jvuXm&w=130&h=130&url=https%3A%2F%2Ffbcdn-sphotos-g-a.akamaihd.net%2Fhphotos-ak-xfp1%2Fv%2Ft1.0-9%2F603767_10152689638195563_5071040322934464558_n.jpg%3Foh%3Dc3e2325e58d46152d24d20f8541cb3be%26oe%3D55A8DB75%26__gda__%3D1440360700_8ba3f208ba7fcab7e561b644df47961c&cfs=1&sx=68&sy=0&sw=320&sh=320,http://www.wheaton.edu/Media-Center/Wheaton-Magazine/Winter-2015/Alumni-Profiles/Seek-Justice-Love-Mercy-Carlos-Ruiz,wheaton.edu,2015-04-14T21:23:27+0000,1429046607,4/14/2015 23:23,23,23,1,1,1,0,2,0,26,54942390562_10152689638605563,https://www.facebook.com/54942390562/posts/10152689638605563
photo,post_page_54942390562,In light of the recent tornado damage_ Wheaton_s Humanitarian Disaster Institute is offering a great opportunity for those living in Dekalb_ Ogle and Whiteside counties in Illinois to attend their upcoming disaster ministry conference for free! Check the link below to learn more.,https://fbcdn-sphotos-c-a.akamaihd.net/hphotos-ak-xpf1/v/t1.0-9/s130x130/11008543_809310822483372_692300829021928566_n.png?oh=faaf3eebf24624105128be2cce91d847&oe=55A1753E&__gda__=1439972281_37565929d5ff0e42e66e5bf72bcc7cfe,https://www.facebook.com/HDIWheaton/photos/a.449711025110022.1073741825.410355099045615/809310822483372/?type=1,facebook.com,2015-04-14T02:25:16+0000,1428978316,4/14/2015 4:25,15,16,0,0,0,0,0,0,15,54942390562_10152688030610563,https://www.facebook.com/54942390562/posts/10152688030610563
photo,post_page_54942390562,Congratulations to editor Allison J. Althoff and Wheaton Magazine_ honored with a first place Award of Excellence from the Evangelical Press Association’s 2015 contest! (http://www.evangelicalpress.com/2015-awards-of-excellence/) The #wheatonmag website also received a third place Award of Merit_ and the autumn 2014 “What’s it Worth?” feature article by Katherine Halberstadt Anderson received a second place award on the value of a Wheaton education. Read the magazine’s award-winning content online: wheaton.edu/magazine.,https://fbcdn-sphotos-d-a.akamaihd.net/hphotos-ak-xaf1/v/t1.0-9/s130x130/11147089_10152687311515563_4538776436338337249_n.jpg?oh=eded2ae8760909cd148f937bd6e08dbb&oe=55A7C5EB&__gda__=1436582174_6566266bc2f312310e3dc175ee442607,https://www.facebook.com/wheatoncollege.il/photos/a.76291075562.92420.54942390562/10152687311515563/?type=1,facebook.com,2015-04-13T18:40:16+0000,1428950416,4/13/2015 20:40,119,120,16,16,16,0,8,35,178,54942390562_10152687311955563,https://www.facebook.com/54942390562/posts/10152687311955563
photo,post_page_54942390562,Don_t miss this lecture tonight at 7:00 pm in the Meyer Science enter with Chuck Rosenberg_ who serves as the chief of staff and senior counselor to FBI Director Jim Comey. Rosenberg will speak on the topic of _The History and Mission of the FBI: From Gangsters to Terrorism and Beyond._ Sponsored by the J. Dennis Hastert Center for Economics_ Government and Public Policy.,https://fbcdn-sphotos-c-a.akamaihd.net/hphotos-ak-xfa1/v/t1.0-9/s130x130/11083641_10152686782515563_278711752171528263_n.jpg?oh=6fe09248f97796305d08bd0bc4610bf8&oe=55A29B6D&__gda__=1436242662_7135db15d48b27f73da479cab52eba85,https://www.facebook.com/wheatoncollege.il/photos/a.76291075562.92420.54942390562/10152686782515563/?type=1,facebook.com,2015-04-13T13:38:12+0000,1428932292,4/13/2015 15:38,12,12,0,0,0,0,0,0,12,54942390562_10152686790960563,https://www.facebook.com/54942390562/posts/10152686790960563
photo,post_page_54942390562,Senior Banquet was this weekend: a time to remember_ reflect and connect before heading out to serve Christ and His Kingdom.,https://scontent.xx.fbcdn.net/hphotos-xpa1/v/t1.0-9/s130x130/11057843_770807469683951_5040985839135819323_n.jpg?oh=ccc2913d447840c1d9835176ff294cb5&oe=55DD4F4B,https://www.facebook.com/saomediahub/photos/a.770807433017288.1073741861.120575688040469/770807469683951/?type=1,facebook.com,2015-04-13T12:53:47+0000,1428929627,4/13/2015 14:53,23,23,0,0,0,0,0,0,23,54942390562_10152686721025563,https://www.facebook.com/54942390562/posts/10152686721025563
link,post_page_54942390562,Considering Ph.D. work is an important decision. Our Ph.D. faculty member Dr. Daniel Treier has written advice to evangelical students who are pursuing doctoral programs.,https://fbexternal-a.akamaihd.net/safe_image.php?d=AQBBSzQAGNKo9_WF&w=130&h=130&url=https%3A%2F%2Fscontent.xx.fbcdn.net%2Fhphotos-xap1%2Fv%2Ft1.0-9%2F11057761_10152660736930563_5400068147213584518_n.jpg%3Foh%3Da3b2607291a04a49d59d9db90c477636%26oe%3D55B2BF31&cfs=1&sx=0&sy=0&sw=175&sh=175,http://www.wheaton.edu/Graduate-School/Degrees/BTS/PhD/Advice-to-Applicants,wheaton.edu,2015-04-11T21:33:00+0000,1428787980,4/11/2015 23:33,38,38,4,4,4,0,5,1,48,54942390562_10152660737345563,https://www.facebook.com/54942390562/posts/10152660737345563
photo,post_page_54942390562,April 10 Image of the Week  The United Nations proclaimed 2015 the International Year of Light and Light-based Technologies. Their aim is to promote how light-based technologies can help solve global challenges in the areas of energy_ education_ agriculture_ and health.  In honor of this exciting initiative_ Wheaton will host a day of events related to light called the Illumination Celebration on Saturday_ April 11_ from 1 to 4 p.m. in the Meyer Science Center. The event is open to the public and aimed at children (and their parents) of all ages. You will experience everything from shadow puppets to laser beams to taking peeks at the sun in the observatory.  We hope you can join us! Find out more information about our event at http://bit.ly/1EiFZdt.,https://fbcdn-sphotos-b-a.akamaihd.net/hphotos-ak-xfp1/v/t1.0-9/s130x130/11102724_10152681500615563_3874218843405433028_n.jpg?oh=7747eb96b90458e75c47476284a2db76&oe=55A70750&__gda__=1440822953_cb37f38fb6a04658b308d7f164f92f41,https://www.facebook.com/wheatoncollege.il/photos/a.10152510812215563.1073741840.54942390562/10152681500615563/?type=1,facebook.com,2015-04-10T20:46:36+0000,1428698796,4/10/2015 22:46,7,7,0,0,0,0,0,0,7,54942390562_10152681502770563,https://www.facebook.com/54942390562/posts/10152681502770563
photo,post_page_54942390562,Catch my cameo at Class Films tonight. Mrs. Ryken will award the Perry for Best Picture. -PGR  #rykenweek #wheatoncu,https://fbcdn-sphotos-e-a.akamaihd.net/hphotos-ak-xpa1/v/t1.0-9/s130x130/10995346_10152681311760563_3838418010544433919_n.png?oh=dfaddcaf24c5df9c7b89bbf0be76c444&oe=55A6A1D4&__gda__=1436284459_4f48077d9e10e57c0b160948c4d45c1f,https://www.facebook.com/wheatoncollege.il/photos/a.76291075562.92420.54942390562/10152681311760563/?type=1,facebook.com,2015-04-10T18:37:06+0000,1428691026,4/10/2015 20:37,36,37,0,0,0,0,0,0,36,54942390562_10152681312065563,https://www.facebook.com/54942390562/posts/10152681312065563
photo,post_page_54942390562,Best way to de-stress? Probably petting the friendly dogs that the care team brought to campus today for Grad Student Life Week. - PGR #rykenweek,https://fbcdn-sphotos-c-a.akamaihd.net/hphotos-ak-xpa1/v/t1.0-9/p130x130/11136725_10152680786935563_2117153420441198184_n.png?oh=c77f76c6139db6414d365b1cba71451c&oe=55A7D106&__gda__=1436630265_ad6682fa70f5a0bf2f1c7aad769dfb1a,https://www.facebook.com/wheatoncollege.il/photos/a.76291075562.92420.54942390562/10152680786935563/?type=1,facebook.com,2015-04-10T13:09:28+0000,1428671368,4/10/2015 15:09,73,74,1,1,1,0,3,0,77,54942390562_10152680787085563,https://www.facebook.com/54942390562/posts/10152680787085563
link,post_page_54942390562,When disaster strikes_ Christians have a unique opportunity to minister to the acute needs of the local community. If you_re interested in learning more about how your church can prepare to respond in times of disaster_ consider joining us for the Humanitarian Disaster Institute_s upcoming Disaster Ministry Conference. With speakers such as keynote Philip Yancey and topics like _Disaster Vulnerability: What is the Role of the Church?_ and _The Biblical Mandate for Mobilizing the Local Church for Disaster Response: Strategies that Work__ this groundbreaking event will equip and network pastors and church leaders to lead their congregations in developing effective disaster ministries. Check out all the amazing speakers and workshops_ and register today!,https://fbexternal-a.akamaihd.net/safe_image.php?d=AQC8_cNy5VZv2XsX&w=130&h=130&url=https%3A%2F%2Fwww.facebook.com%2Fads%2Fimage%2F%3Fd%3DAQJR6y4kgLuAdg60aA0lxlbWlRhRZI2oYomddcnRpU7nO4CFbVmgHOZ3eO0qykvjoMKwV3L8U40wf3oWANtiQpJNO0dH1sAkBDkQm1qm1v3ZXcZxVdT_vvJs1dhybGDOAhD_kk0dW1RFmM30Sfn_ufwY&cfs=1,http://www.wheaton.edu/HDI/News/Disaster-Ministry-Conference/Disaster-Ministry-Conference-Schedule,wheaton.edu,2015-04-10T01:24:00+0000,1428629040,4/10/2015 3:24,35,35,0,0,0,0,11,0,46,54942390562_10152677370700563,https://www.facebook.com/54942390562/posts/10152677370700563
video,post_page_54942390562,Today Wheaton College joined “Bells Across the Land_” a commemoration for the ending of the Civil War 150 years ago_ on April 9_ 1865. Under the direction of the National Park Service_ the bells were rung first at the Appomattox Court House at 3:00 p.m. EDST_ where on that date the Civil War formally ended in the historic meeting between Ulysses S. Grant and Robert E. Lee.  At 2:15 CDST_ our Tower bell rang out slowly for one minute to commemorate the ending of our national conflict and our continued determination to make “liberty and justice for all” a reality for people of all ethnicities. Over one hundred fifty years ago_ Wheaton College saw students leave school to fight_ many never to return. Yet_ the tragic struggle helped bring about the abolition of slavery in the United States. The healing process continues to this day_ including in the church_ by the power of the living Christ.,https://fbcdn-vthumb-a.akamaihd.net/hvthumb-ak-xpt1/v/t15.0-10/s130x130/11000240_10152679693345563_1806342817_n.jpg?oh=7d2f391c26cb685f3aca95cfe3dab202&oe=55A5FFD8&__gda__=1440367939_a9c72f48b94844f290550c1beba2a1d9,https://www.facebook.com/wheatoncollege.il/videos/10152679692490563/,facebook.com,2015-04-09T21:04:17+0000,1428613457,4/9/2015 23:04,197,200,7,7,7,0,51,3,258,54942390562_10152679692490563,https://www.facebook.com/54942390562/posts/10152679692490563
photo,post_page_54942390562,Spring is just about to bloom!,https://fbcdn-sphotos-d-a.akamaihd.net/hphotos-ak-xap1/v/t1.0-9/s130x130/11115596_10152679040730563_695976804874739381_n.jpg?oh=4d948753a8c18670162720b46026ea95&oe=5598200B&__gda__=1436044851_ec8ef797deb38c4786121d098963a4ad,https://www.facebook.com/wheatoncollege.il/photos/a.10150576620290563.372989.54942390562/10152679040730563/?type=1&relevant_count=1,facebook.com,2015-04-09T14:19:25+0000,1428589165,4/9/2015 16:19,139,139,2,2,2,0,3,1,145,54942390562_10152679040930563,https://www.facebook.com/54942390562/posts/10152679040930563
photo,post_page_54942390562,The Wheaton Theology Conference starts today. Welcome to everyone who will be joining us on campus!  #WTC15,https://fbcdn-sphotos-h-a.akamaihd.net/hphotos-ak-xtp1/v/t1.0-9/s130x130/11150155_10152679033435563_1387407645530568237_n.jpg?oh=20704e402948afcaf45170add4c88e52&oe=55DC85A9&__gda__=1436297503_df26d490b02e01dac953467e31a85294,https://www.facebook.com/wheatoncollege.il/photos/a.76291075562.92420.54942390562/10152679033435563/?type=1,facebook.com,2015-04-09T14:13:30+0000,1428588810,4/9/2015 16:13,59,59,0,0,0,0,2,0,61,54942390562_10152679034010563,https://www.facebook.com/54942390562/posts/10152679034010563
photo,post_page_54942390562,President Ryken on the topic of his wife_ Lisa: For that girl from Colorado Springs_ only three letters are needed. #wcw #rykenweek,https://scontent.xx.fbcdn.net/hphotos-xpf1/v/t1.0-9/p130x130/10984247_10152678350385563_4425929302435449068_n.png?oh=09b8fd0fc4944dc37c5dba60b60f7512&oe=55D1E9E1,https://www.facebook.com/wheatoncollege.il/photos/a.76291075562.92420.54942390562/10152678350385563/?type=1,facebook.com,2015-04-09T02:45:19+0000,1428547519,4/9/2015 4:45,76,76,0,0,0,0,0,0,76,54942390562_10152678350840563,https://www.facebook.com/54942390562/posts/10152678350840563
photo,post_page_54942390562,_All of us are _disabled_ in some way or another simply because our fallen nature constantly puts up barrier between God and us. My ADHD has kept me more emotionally aware of my weakness and vulnerability... which drives me into the arms of my Lord._ Read about the way that Jessica Brown-McBroom _02_ M.A. _06 has seen her weakness turned to strength in #wheatonmag: http://www.wheaton.edu/Media-Center/Wheaton-Magazine/Winter-2015/Alumni-Profiles/Walking-With-Others-Jessica-Brown-McBroom,https://scontent.xx.fbcdn.net/hphotos-xat1/v/t1.0-9/s130x130/11133679_10152676958420563_6971495330034082297_n.jpg?oh=ebb271c8542a5528360d1993d859aca8&oe=55A55982,https://www.facebook.com/wheatoncollege.il/photos/a.76291075562.92420.54942390562/10152676958420563/?type=1,facebook.com,2015-04-09T01:58:01+0000,1428544681,4/9/2015 3:58,47,47,0,0,0,0,3,0,50,54942390562_10152678293000563,https://www.facebook.com/54942390562/posts/10152678293000563
photo,post_page_54942390562,Grad Student Life Week: student Emily Verseveldt blessed us all in Grad Chapel today by reciting Philippians -- the whole book. - PGR #rykenweek,https://scontent.xx.fbcdn.net/hphotos-xtf1/v/t1.0-9/p130x130/11133688_10152677539260563_3387418246219167010_n.png?oh=ae524c8638d0be6909fd4257f5b97565&oe=55D5E907,https://www.facebook.com/wheatoncollege.il/photos/a.76291075562.92420.54942390562/10152677539260563/?type=1,facebook.com,2015-04-08T19:15:00+0000,1428520500,4/8/2015 21:15,126,126,1,1,1,0,4,0,131,54942390562_10152677589015563,https://www.facebook.com/54942390562/posts/10152677589015563
photo,post_page_54942390562,With Paul Lee_ Zack Smiley_ and (the other) David Choi at last night_s JustCo panel on _Poverty and the Image of God._ People who don_t know Dr. Lee should find a way to meet him. From his humble upbringing and research in human trafficking_ he has a lot to share. - PGR  #rykenweek,https://fbcdn-sphotos-g-a.akamaihd.net/hphotos-ak-xpf1/v/t1.0-9/p130x130/10986930_10152677158515563_5107935859310326841_n.png?oh=28a88d8ea4a74e954507d6735065f41e&oe=559DD199&__gda__=1436089487_353efb765e372ad8e7cbaadb94012dbe,https://www.facebook.com/wheatoncollege.il/photos/a.76291075562.92420.54942390562/10152677158515563/?type=1,facebook.com,2015-04-08T15:46:08+0000,1428507968,4/8/2015 17:46,29,29,0,0,0,0,2,0,31,54942390562_10152677158930563,https://www.facebook.com/54942390562/posts/10152677158930563
video,post_page_54942390562,Wheaton College Shark Tank is a new program on campus that encourages student entrepreneurship through idea creation_ mentorship_ and networking opportunities. Learn more at www.wheatonsharktank.com,https://fbcdn-vthumb-a.akamaihd.net/hvthumb-ak-xfp1/v/t15.0-10/s130x130/11114693_10152675997540563_192220086_n.jpg?oh=bf1c6c7404c332a9cd60b69b30e4297a&oe=55DCF51D&__gda__=1436409515_3a43be42460b5a918f5f26b6369486ba,https://www.facebook.com/wheatoncollege.il/videos/10152675994610563/,facebook.com,2015-04-08T15:14:00+0000,1428506040,4/8/2015 17:14,63,63,5,5,5,0,12,1,81,54942390562_10152675994610563,https://www.facebook.com/54942390562/posts/10152675994610563
photo,post_page_54942390562,Today_s cabinet meeting. We meet for three hours every week and mostly enjoy it. Here you see Chelsen_ Farney_ and Melvin. If I hadn_t turned my phone sideways you would also see Jones and Kemp. - PGR #rykenweek #mywheaton,https://fbcdn-sphotos-h-a.akamaihd.net/hphotos-ak-xfp1/v/t1.0-9/p130x130/11150163_10152676300170563_4555061917955890528_n.png?oh=64c4c05737d631dc9e5526b810b9ce06&oe=55D4E76E&__gda__=1436614295_17d59dfd6dffed3d4d1fd08893335646,https://www.facebook.com/wheatoncollege.il/photos/a.76291075562.92420.54942390562/10152676300170563/?type=1,facebook.com,2015-04-08T02:08:19+0000,1428458899,4/8/2015 4:08,51,53,0,0,0,0,1,0,52,54942390562_10152676300305563,https://www.facebook.com/54942390562/posts/10152676300305563
photo,post_page_54942390562,Know a pastor who could use some time of refreshment at HoneyRock? Share this post to let them know about the upcoming pastors retreat in the Northwoods. At just $75 (including a workshop and overnight stay for two)_ this is an exceptional opportunity for any pastor and their spouse to recharge. It might even be a great opportunity for you or your church to give a gift to the pastor you love. http://bit.ly/PastorRetreat2015,https://fbcdn-sphotos-a-a.akamaihd.net/hphotos-ak-xpa1/v/t1.0-9/p130x130/11073564_10153138135079449_981425526382080507_n.jpg?oh=f56593a4f4b80eb969f057a00d31d1f1&oe=55985AAC&__gda__=1436504169_6770bb53f297784861d33127e9245a2f,https://www.facebook.com/HoneyRock/photos/a.149683619448.106849.19824964448/10153138135079449/?type=1,facebook.com,2015-04-07T21:20:56+0000,1428441656,4/7/2015 23:20,50,50,3,3,3,0,0,2,55,54942390562_10152675936455563,https://www.facebook.com/54942390562/posts/10152675936455563
photo,post_page_54942390562,From last night_s road trip with two of my best friends (special thanks to generous Wheaton parents for the tickets). Apparently_ D1 has bigger crowds than D3 -- who knew? - PGR  #rykenweek,https://scontent.xx.fbcdn.net/hphotos-xtp1/v/t1.0-9/p130x130/11150572_10152675280755563_835502420180155898_n.png?oh=008fffa66e6890487a1e945f3a840371&oe=55A13119,https://www.facebook.com/wheatoncollege.il/photos/a.76291075562.92420.54942390562/10152675280755563/?type=1,facebook.com,2015-04-07T14:26:43+0000,1428416803,4/7/2015 16:26,185,185,3,3,3,0,2,5,195,54942390562_10152675281050563,https://www.facebook.com/54942390562/posts/10152675281050563
link,post_page_54942390562,_This year has been a lesson of learning that I am inadequate for this job. And that’s ok because the Lord is sufficient.” Kathryn Brightly _16 talks about why she loves being an RA on #mywheaton:,https://fbexternal-a.akamaihd.net/safe_image.php?d=AQDpL0V86YjNwQ_a&w=130&h=130&url=https%3A%2F%2Ffbcdn-sphotos-a-a.akamaihd.net%2Fhphotos-ak-xpf1%2Fv%2Ft1.0-9%2F10451778_10152674360830563_2646973495108750800_n.png%3Foh%3D9303c5ad9e312533675c2e6226b03337%26oe%3D55B32F68%26__gda__%3D1437775895_1a43a3107c66bf04c517dbbd01e34883&cfs=1&sx=245&sy=0&sw=272&sh=272,http://www.wheaton.edu/Student-Life/My-Wheaton,wheaton.edu,2015-04-07T02:03:08+0000,1428372188,4/7/2015 4:03,97,97,2,2,2,0,4,11,114,54942390562_10152674361480563,https://www.facebook.com/54942390562/posts/10152674361480563
photo,post_page_54942390562,Showing true colors with Matt Adams_ who works with the student and alumni entrepreneurs at Tru-Colours. They offer a full spectrum of flesh-toned bandages. This one isn_t right for me_ but would be almost perfect for Matt. #rykenweek,https://fbcdn-sphotos-g-a.akamaihd.net/hphotos-ak-xpa1/v/t1.0-9/s130x130/10443378_10152673515770563_4404569694042216652_n.jpg?oh=404934206f423e49427090e875508260&oe=55D66DDC&__gda__=1436206371_4387d13e9d5dd8900d699ea4b92a8001,https://www.facebook.com/wheatoncollege.il/photos/a.10151753660955563.1073741833.54942390562/10152673515770563/?type=1,facebook.com,2015-04-06T17:13:06+0000,1428340386,4/6/2015 19:13,97,97,8,8,6,2,12,8,125,54942390562_10152673535150563,https://www.facebook.com/54942390562/posts/10152673535150563
photo,post_page_54942390562,Ryken Week starts with keeping the main thing_ the main thing: Easter is forever. - PGR #rykenweek,https://scontent.xx.fbcdn.net/hphotos-xpa1/v/t1.0-9/s130x130/11102614_10152672976120563_3778592831875815156_n.jpg?oh=d61221e352f8a53da600d54f4681874e&oe=559E3A45,https://www.facebook.com/wheatoncollege.il/photos/a.10151753660955563.1073741833.54942390562/10152672976120563/?type=1,facebook.com,2015-04-06T11:13:44+0000,1428318824,4/6/2015 13:13,186,187,1,1,1,0,4,0,191,54942390562_10152672977680563,https://www.facebook.com/54942390562/posts/10152672977680563
photo,post_page_54942390562,April 3 Image of the Week  Christian baptism is an act filled with symbolism. The practice of baptism by immersing under water symbolizes how our old natures are buried with Christ (going under the water)_ and how we_ like Jesus_ are raised to life again by the work he did on the cross (coming out of the water). How very appropriate during Holy Week as we look at the events that led to the crucifixion and resurrection of Jesus_ to realize that_ just as with baptism_ we are a part of this story.  Recently Raashon Daniels from the Wheaton Admission office_ attended the baptism of Wheaton student Daniela Lugo ’17. She was joined by several fellow students as she publicly proclaimed her allegiance to Jesus Christ. In the first row_ from left to right: Miracle Tolliver_ Daniela Lugo ’17_ Monica Gomez ’17. In the second row: Hannah Garringer ’18_ Ana Melendez ’16_ Jazmine Valdez ’17_ Mariah May ’17_ Sarah Gygax ’17_ J (Junnie) Moore ’17. In the third row: Ann Szeliga ’17_ Kate Penkethman ’17_ Joshua Lam’18_ Emily Warren.,https://fbcdn-sphotos-b-a.akamaihd.net/hphotos-ak-xpa1/v/t1.0-9/s130x130/11079377_10152667068185563_4986294172766335265_n.jpg?oh=c9703bffb59ddd2a5afab9a2bcd66bbb&oe=55E07C17&__gda__=1436941288_a73f36516454a121b28e2f9cd9b75381,https://www.facebook.com/wheatoncollege.il/photos/a.10152510812215563.1073741840.54942390562/10152667068185563/?type=1,facebook.com,2015-04-03T22:59:15+0000,1428101955,4/4/2015 0:59,105,105,6,6,6,0,4,7,122,54942390562_10152667068840563,https://www.facebook.com/54942390562/posts/10152667068840563
photo,post_page_54942390562,Great news for Wheaton alumni! Buswell Library now offers all alumni access to ATLA Religion Database with ATLASerials. The database contains citations and full-text articles in biblical studies_ theology_ church history_ missions_ and related fields. It provides a scripture index to enable you to find articles on a specific passage in the Bible. Access to the database is free to alumni anywhere that they have internet access. A Wheaton alumni account is required. For more information and to access the database_ please visit https://library.wheaton.edu/services/alumni.,https://fbcdn-sphotos-a-a.akamaihd.net/hphotos-ak-xpa1/v/t1.0-9/q88/s130x130/11079653_10152663662840563_7570082718425210213_n.jpg?oh=47edbe3db8a76e58d3e526f9e7d2bf33&oe=55E126E2&__gda__=1436133476_d42a6818f21a182b19644f143f6757e5,https://www.facebook.com/wheatoncollege.il/photos/a.76291075562.92420.54942390562/10152663662840563/?type=1,facebook.com,2015-04-02T15:34:01+0000,1427988841,4/2/2015 17:34,125,128,17,17,16,1,21,8,171,54942390562_10152663885430563,https://www.facebook.com/54942390562/posts/10152663885430563
link,post_page_54942390562,Dr. Shawn E. Okpebholo_ Associate Professor in the Wheaton College Conservatory of Music_ recently released his debut album_ _Steal Away__ on Yellow Einstein Records. A collaborative project involving Wheaton alumni_ faculty and staff_ you won_t want to miss this offering which one critic calls _imaginative and impeccably done._,https://fbexternal-a.akamaihd.net/safe_image.php?d=AQAii0jYbnrIsrV7&w=130&h=130&url=https%3A%2F%2Ffbcdn-sphotos-b-a.akamaihd.net%2Fhphotos-ak-xfp1%2Fv%2Ft1.0-9%2F11026793_10152663632260563_1061006386430526405_n.jpg%3Foh%3D3502c968afd1683610baaafd79d43295%26oe%3D55723DC2%26__gda__%3D1438512551_5bb0aab021808846da6130810b59331f&cfs=1,http://www.wheaton.edu/Media-Center/News/2015/03/Wheaton-College-Conservatory-Professor-Reimagines-Negro-Spirituals-in-New-Album-Steal-Away,wheaton.edu,2015-04-02T13:01:25+0000,1427979685,4/2/2015 15:01,35,35,2,2,2,0,4,2,43,54942390562_10152663635770563,https://www.facebook.com/54942390562/posts/10152663635770563
photo,post_page_54942390562,Congratulations to all who participated in Wheaton_s Shark Tank event_ and especially to the winners_ Benjamin Temple _17_ Kelen Caldwell _17_ Michael Liu _18_ and Connor Jenkins _16!  Together they created Proxi Marketplace_ a community-based marketplace that echoes the business models of e-commerce giants Craigslist_ eBay_ and Amazon. Proxi focuses on the locality_ community_ and exclusivity of niche market college campuses. Learn more about Shark Tank at www.wheatonsharktank.com and Proxi at www.proximarketplace.com.,https://scontent.xx.fbcdn.net/hphotos-xpf1/v/t1.0-9/s130x130/20875_10152662531935563_6550707474101980988_n.jpg?oh=ce33241f1f12b7f591c2f71289be828f&oe=55A55506,https://www.facebook.com/wheatoncollege.il/photos/a.76291075562.92420.54942390562/10152662531935563/?type=1,facebook.com,2015-04-01T23:31:00+0000,1427931060,4/2/2015 1:31,58,58,2,2,2,0,2,0,62,54942390562_10152662781720563,https://www.facebook.com/54942390562/posts/10152662781720563
photo,post_page_54942390562,Attention accepted seniors: one month from today is national day of notification. If you have any questions_ contact your Admissions Counselor. And may the Lord guide you through this important decision process.,https://scontent.xx.fbcdn.net/hphotos-xtp1/v/t1.0-9/q81/s130x130/10612988_10152824454522643_1853714226197381664_n.jpg?oh=83dbaf7f6070a599a1c98e0974a9ed39&oe=559A8DE6,https://www.facebook.com/wheatonadmissions/photos/a.421753277642.199653.99326482642/10152824454522643/?type=1,facebook.com,2015-04-01T20:40:56+0000,1427920856,4/1/2015 22:40,27,27,2,2,2,0,0,1,30,54942390562_10152662563590563,https://www.facebook.com/54942390562/posts/10152662563590563
link,post_page_54942390562,In celebration of the United Nations_ International Year of Light_ we invite you and your little ones to join us on Saturday_ April 11 in the Meyer Science Center for the Illumination Celebration_ a free afternoon of science-and light-themed family fun!,https://fbexternal-a.akamaihd.net/safe_image.php?d=AQBJ_KHvFtE2ht_q&w=130&h=130&url=https%3A%2F%2Fwww.facebook.com%2Fads%2Fimage%2F%3Fd%3DAQJjHwZRy1N2lAILyiuqZLuMq6_mDuXmRSsq2lecDHB4yQt1LxTthIqHXvI7IMJ-s29ZcB8W7HyLkZnTmyacFplWBP2L_5ScaRUQDRaoMMq620-D7SkMwsGRXd6O-Ttze2WLzP7oV5Aw1r5u95MqJ4KK&cfs=1,http://www.wheaton.edu/Media-Center/News/2015/03/Wheaton-College-to-Host-Illumination-Celebration-Science-Open-House-April-11,wheaton.edu,2015-04-01T16:32:40+0000,1427905960,4/1/2015 18:32,16,16,2,2,2,0,16,0,34,54942390562_10152662208545563,https://www.facebook.com/54942390562/posts/10152662208545563
video,post_page_54942390562,_Part of being the body of Christ is that we understand what grace is. Grace says that we are to be patient with each other. We spend time with each other. We_re preparing young men and women to know how to address that outside of Wheaton—how to be people who are able to engage with difference and conflict in a way that still says we_re doing it as men and women of God._ - Rodney Sisco on the role of the Office of Multicultural Development at Wheaton. Learn more about OMD: http://www.wheaton.edu/Feature-Stories/Office-of-Multicultural-Development,https://fbcdn-vthumb-a.akamaihd.net/hvthumb-ak-xfp1/v/t15.0-10/s130x130/11000225_10152660794665563_1060228573_n.jpg?oh=b80d65aac8d541b598e4e91c96917018&oe=55995D21&__gda__=1436257048_d74cb144146f98abe4fcde7f518ac819,https://www.facebook.com/wheatoncollege.il/videos/10152660793170563/,facebook.com,2015-03-31T22:03:55+0000,1427839435,4/1/2015 0:03,109,109,9,9,9,0,28,1,147,54942390562_10152660793170563,https://www.facebook.com/54942390562/posts/10152660793170563
photo,post_page_54942390562,Get ready for #rykenweek! President Ryken takes over Wheaton_s Instagram account (www.instagram.com/wheatoncollegeil) starting Monday_ April 6.,https://scontent.xx.fbcdn.net/hphotos-frc3/v/t1.0-9/p130x130/11011252_10152660721065563_5351494344070219793_n.png?oh=639baf33c69a2c1d9dbe0e567c8b5f3b&oe=55A4128D,https://www.facebook.com/wheatoncollege.il/photos/a.76291075562.92420.54942390562/10152660721065563/?type=1,facebook.com,2015-03-31T21:14:14+0000,1427836454,3/31/2015 23:14,191,194,4,4,4,0,4,5,204,54942390562_10152660725990563,https://www.facebook.com/54942390562/posts/10152660725990563
link,post_page_54942390562,A group from Church of the Resurrection in Wheaton_ including Wheaton alumni Trevor McMaken _07_ Bonnie Woodley McMaken _07_ Robb Robins _07_ Meghan Anderson Robins _09 and Kevin Emmert (Grad School) _11_ created this graphic to illustrate how the different personalities of saints correspond with Myers-Briggs personality types. And the Washington Post picked it up. Are you St. Francis or perhaps St. Joan (of Arc)? Check it out!,https://fbexternal-a.akamaihd.net/safe_image.php?d=AQBmiY_4UTOF2NVb&w=130&h=130&url=http%3A%2F%2Fimg.washingtonpost.com%2Fnews%2Facts-of-faith%2Fwp-content%2Fuploads%2Fsites%2F45%2F2015%2F03%2FHW-MB-Slider.gif&cfs=1&sx=0&sy=0&sw=265&sh=265,http://www.washingtonpost.com/news/acts-of-faith/wp/2015/03/29/for-holy-week-heres-how-you-can-match-your-myers-briggs-personality-type-to-a-patron-saint/?tid=sm_fb,washingtonpost.com,2015-03-30T01:34:32+0000,1427679272,3/30/2015 3:34,153,157,17,16,16,0,98,7,274,54942390562_10152657239045563,https://www.facebook.com/54942390562/posts/10152657239045563
link,post_page_54942390562,Russian Fulbright scholar Olga Lukmanova shares about her recent work at The Marion E. Wade Center over the past six months_ how her involvement with the Wade began_ and her future projects as she heads back to Russia. Olga is the first Fulbright Scholar at Wheaton College_ and her main research focus is writing the first Russian language biography of George MacDonald.,https://fbexternal-a.akamaihd.net/safe_image.php?d=AQC1-Y0qKcTZ3dTB&w=130&h=130&url=https%3A%2F%2Fwadecenterblog.files.wordpress.com%2F2015%2F03%2Fimg_0504.jpg&cfs=1&sx=0&sy=0&sw=2813&sh=2813,https://wadecenterblog.wordpress.com/2015/03/27/olga-lukmanova/,wadecenterblog.wordpress.com,2015-03-29T02:00:02+0000,1427594402,3/29/2015 4:00,27,27,0,0,0,0,2,0,29,54942390562_10152652624705563,https://www.facebook.com/54942390562/posts/10152652624705563
photo,post_page_54942390562,March 27 Image of the Week  Siblings Sarah Rosenthal ’17 (blue car) and Stephen Rosenthal ’15 (orange car) were photographed recently by Sarah’s roommate_ Nikki Randall ’17_ displaying an abundance of Wheaton orange and blue. Whether by chance or on purpose_ even the cars they drive help represent their alma mater. Go Thunder!,https://scontent.xx.fbcdn.net/hphotos-xfa1/v/t1.0-9/s130x130/11102723_10152652695410563_6481563914538908039_n.jpg?oh=eb0e4b83b428d22d8c26a41ba33e9023&oe=559BEC16,https://www.facebook.com/wheatoncollege.il/photos/a.10152510812215563.1073741840.54942390562/10152652695410563/?type=1,facebook.com,2015-03-27T19:53:59+0000,1427486039,3/27/2015 20:53,212,212,3,3,3,0,4,15,234,54942390562_10152652696720563,https://www.facebook.com/54942390562/posts/10152652696720563
photo,post_page_54942390562,Wheaton College Admissions is hosting Wheaton Connection this weekend. Connection is your chance to visit campus_ stay in the dorms_ try our award-winning food_ visit classes and talk to current students and profs to find out what it_s really like to be a student at Wheaton. Can_t make it? Follow @WheatonAdmiss on Twitter with the hashtag #WheatonConnection! We_ll be live tweeting the two visit days. Welcome everyone coming to campus. We_re glad you_re here!,https://fbcdn-sphotos-c-a.akamaihd.net/hphotos-ak-xft1/v/t1.0-9/s130x130/11069435_10152650301895563_3161392712373222272_n.jpg?oh=f6b3e2e45c8c6173d0d924bc7d24d38b&oe=55E253C1&__gda__=1436746370_4834513fcd8201d179e57194e0e65432,https://www.facebook.com/wheatoncollege.il/photos/a.76291075562.92420.54942390562/10152650301895563/?type=1,facebook.com,2015-03-26T14:56:44+0000,1427381804,3/26/2015 15:56,103,103,0,0,0,0,5,0,108,54942390562_10152650303425563,https://www.facebook.com/54942390562/posts/10152650303425563
photo,post_page_54942390562,Hey local parents! Bring your kids to SPRING BREAK STAYCATION_ featuring fun free activities for children 3 to 12 years old in various locations on Wheaton_s campus. Join us daily_ March 30 through April 2 for interactive arts and music events_ museum scavenger hunts_ performed drama from students of The Wheaton College Tolkien Society_ Easter story time_ and open gym and pool activities_ all offered at no cost. No registration is required. Children must be accompanied by their caregivers. Learn more at www.wheaton.edu/community,https://scontent.xx.fbcdn.net/hphotos-xpf1/v/t1.0-9/p130x130/10561597_10152648869400563_5960940305121480557_n.jpg?oh=c3a41d61ddcaeea5fddd20e907463676&oe=559DABC9,https://www.facebook.com/wheatoncollege.il/photos/a.76291075562.92420.54942390562/10152648869400563/?type=1,facebook.com,2015-03-26T01:56:02+0000,1427334962,3/26/2015 2:56,98,98,9,9,9,0,48,4,159,54942390562_10152649500655563,https://www.facebook.com/54942390562/posts/10152649500655563
photo,post_page_54942390562,You_re invited to join the Wheaton College Math and Computer Science Department on March 25-26 in the Meyer Science Center (Room 145) for this year_s Science Symposium titled _Big Data: New Power for a New World._ For more information_ visit http://www.wheaton.edu/Academics/Departments/Math-CompSci/Events/Symposium,https://scontent.xx.fbcdn.net/hphotos-xfa1/v/t1.0-9/s130x130/11059925_10152648557605563_5184098826877542773_n.jpg?oh=df33a2949b00b7dbcd1a4d1a90e14f8b&oe=55E06411,https://www.facebook.com/wheatoncollege.il/photos/a.76291075562.92420.54942390562/10152648557605563/?type=1,facebook.com,2015-03-25T15:44:31+0000,1427298271,3/25/2015 16:44,9,10,0,0,0,0,0,0,9,54942390562_10152648560905563,https://www.facebook.com/54942390562/posts/10152648560905563
photo,post_page_54942390562,_To feed the world in 2050_ we will need a diversity of solutions. There are no silver bullets._ Rachel Trego _06 joins other Wheaton alumni working toward global food security. Read more in #wheatonmag: http://www.wheaton.edu/Media-Center/Wheaton-Magazine/Winter-2015/Feature-Articles/Feeding-the-Future,https://scontent.xx.fbcdn.net/hphotos-xpf1/v/t1.0-9/s130x130/11027958_10152648403475563_5177208841756108727_n.jpg?oh=dedb8fb1f9d0998912dee821d069e4b9&oe=55D49521,https://www.facebook.com/wheatoncollege.il/photos/a.76291075562.92420.54942390562/10152648403475563/?type=1,facebook.com,2015-03-25T13:57:55+0000,1427291875,3/25/2015 14:57,13,13,0,0,0,0,0,0,13,54942390562_10152648403750563,https://www.facebook.com/54942390562/posts/10152648403750563
link,post_page_54942390562,Integrate faith and learning with a teaching degree in elementary or secondary education. Apply by April 1 for the M.A. in Teaching by visiting http://www.wheaton.edu/Graduate-School/Degrees/Teaching,https://fbexternal-a.akamaihd.net/safe_image.php?d=AQDiZfjd1MHHpsJt&w=130&h=130&url=http%3A%2F%2Fwww.wheaton.edu%2F%7E%2Fmedia%2FImages%2FWidget%2520Images%2FRight%2520Widget%2520Images%2FGraduate%2520School%2FGrad%2520Admissions%2FMikeHudsonDayintheLife110413309.jpg&cfs=1&sx=168&sy=0&sw=289&sh=289,http://www.wheaton.edu/Graduate-School/Degrees/Teaching,wheaton.edu,2015-03-24T16:19:57+0000,1427213997,3/24/2015 17:19,22,22,0,0,0,0,4,0,26,54942390562_10152646795540563,https://www.facebook.com/54942390562/posts/10152646795540563
link,post_page_54942390562,Wheaton has received a 4-star rating for sound fiscal management and commitment to accountability and transparency from Charity Navigator.,https://fbexternal-a.akamaihd.net/safe_image.php?d=AQD_uhDCpMdP0MaR&w=130&h=130&url=http%3A%2F%2Fwww.charitynavigator.org%2F_gfx_%2Fpromo%2Fnew%2Flogo125x125.gif&cfs=1,http://www.charitynavigator.org/index.cfm?bay=search.summary&orgid=4729#.VQs5yY7F98E,charitynavigator.org,2015-03-21T21:33:00+0000,1426973580,3/21/2015 22:33,93,93,0,0,0,0,2,0,95,54942390562_10152637442720563,https://www.facebook.com/54942390562/posts/10152637442720563
photo,post_page_54942390562,March 20 Image of the Week  Wheaton has many opportunities for students to take a semester away from campus and study overseas through our Global and Experiential Learning programs (http://www.wheaton.edu/gel). Many students take advantage of a wide variety of cross-cultural experiences. Wheaton also cooperates with other organizations that provide study abroad programs.  While studying with one such partner_ Creation Care Study Program_ Mark Hiben ’15 (right) and Davis Guebert ’15 (left) had the chance to visit Key’s Summit in Fiordland National Park in New Zealand and reflect on the fact that thousands of years ago a glacier formed this beautiful valley.  Mark says that being in New Zealand_ “gave both of us the opportunity to encounter the LORD in new ways_ both by encountering the majesty of the earth_ as well as being challenged to think about how we_ as followers of Christ_ are to care for the earth.”,https://scontent.xx.fbcdn.net/hphotos-xap1/v/t1.0-9/q84/s130x130/1535023_10152639046200563_1959960409358953020_n.jpg?oh=730f97b12435afcd15d52883fb0f0852&oe=55D2FCDA,https://www.facebook.com/wheatoncollege.il/photos/a.10152510812215563.1073741840.54942390562/10152639046200563/?type=1,facebook.com,2015-03-20T16:23:07+0000,1426868587,3/20/2015 17:23,35,35,1,1,1,0,1,0,37,54942390562_10152639054720563,https://www.facebook.com/54942390562/posts/10152639054720563
photo,post_page_54942390562,#TBT Twenty years ago today_ there was a communal experience of the Holy Spirit on the campus of Wheaton College that has become known as the 1995 Wheaton revival_ one of several that occurred on college campuses or in churches at about this time. Two students_ Brandi Maguire and James Hahn_ from Howard Payne University in Texas spoke about a revival on their campus at a World Christian Fellowship (WCF) worship service. After their testimonies individual Wheaton students gave confessions of sin. Soon_ as each individual confessed_ large prayer groups formed around them. This service in the College_s Pierce Chapel continued until 6am on Monday morning. The revival continued until March 23rd. Like the Howard Payne students_ Wheaton College students traveled to other schools telling what happened. This revival was chronicled in _Accounts of a Campus Revival_ by Timothy Beougher and Lyle Dorsett. Read more about the revival from the perspective of Chaplain Stephen Kellough: http://recollections.wheaton.edu/?p=9340  This Sunday night_ the Office of Christian Outreach and World Christian Fellowship will a host time of remembrance and celebration at 7 PM in Pierce Chapel. If you_re in the area_ join us for worship_ prayer_ and testimonies of alumni who were impacted by the 1995 revival. Chappy K_ who was chaplain during that time_ will also be sharing his perspective of that significant event which impacted hundreds of Wheaton students.   Were you at the revival? How did it impact your life? We_d love to hear your story.,https://fbcdn-sphotos-f-a.akamaihd.net/hphotos-ak-xat1/v/t1.0-9/s130x130/10491065_10152637228935563_5997512832362583810_n.jpg?oh=bd7ed8b3d0d62535137b01dc9124044a&oe=55984CC0&__gda__=1439754945_90a239df2815426f711df0a5a5c00990,https://www.facebook.com/wheatoncollege.il/photos/a.76291075562.92420.54942390562/10152637228935563/?type=1,facebook.com,2015-03-19T18:59:41+0000,1426791581,3/19/2015 19:59,405,406,73,73,62,11,74,268,820,54942390562_10152637234000563,https://www.facebook.com/54942390562/posts/10152637234000563
